{
  "lang":"en",
  "name":"pipeline",
  "version":"0.0.0",
  "spacy_version":">=3.7.4,<3.8.0",
  "description":"",
  "author":"",
  "email":"",
  "url":"",
  "license":"",
  "spacy_git_version":"bff8725f4",
  "vectors":{
    "width":0,
    "vectors":0,
    "keys":0,
    "name":null,
    "mode":"default"
  },
  "labels":{
    "tok2vec":[

    ],
    "ner":[
      "B-DES",
      "B-EMAIL",
      "B-NAME",
      "B-ORG",
      "B-PHOE",
      "B-PHONE",
      "B-WEB",
      "DES",
      "EMAIL",
      "I-DE",
      "I-DES",
      "I-EMAIL",
      "I-NAME",
      "I-OR",
      "I-ORG",
      "I-PHONE",
      "I-WEB",
      "NAME",
      "ORG",
      "PHONE",
      "WEB"
    ]
  },
  "pipeline":[
    "tok2vec",
    "ner"
  ],
  "components":[
    "tok2vec",
    "ner"
  ],
  "disabled":[

  ],
  "performance":{
    "ents_f":0.6868327402,
    "ents_p":0.7480620155,
    "ents_r":0.6348684211,
    "ents_per_type":{
      "B-DES":{
        "p":0.6428571429,
        "r":0.3461538462,
        "f":0.45
      },
      "I-ORG":{
        "p":0.78,
        "r":0.6964285714,
        "f":0.7358490566
      },
      "B-PHONE":{
        "p":0.6666666667,
        "r":0.8108108108,
        "f":0.7317073171
      },
      "I-PHONE":{
        "p":0.7631578947,
        "r":0.6590909091,
        "f":0.7073170732
      },
      "B-EMAIL":{
        "p":0.9523809524,
        "r":0.9523809524,
        "f":0.9523809524
      },
      "I-EMAIL":{
        "p":0.8,
        "r":0.6666666667,
        "f":0.7272727273
      },
      "B-NAME":{
        "p":0.7777777778,
        "r":0.5833333333,
        "f":0.6666666667
      },
      "B-ORG":{
        "p":0.75,
        "r":0.375,
        "f":0.5
      },
      "I-DES":{
        "p":0.5,
        "r":0.3636363636,
        "f":0.4210526316
      },
      "I-NAME":{
        "p":0.7586206897,
        "r":0.6875,
        "f":0.7213114754
      },
      "B-WEB":{
        "p":0.9,
        "r":0.9,
        "f":0.9
      },
      "I-DE":{
        "p":0.0,
        "r":0.0,
        "f":0.0
      },
      "PHONE":{
        "p":0.0,
        "r":0.0,
        "f":0.0
      }
    },
    "tok2vec_loss":445.4420207458,
    "ner_loss":449.6604729163
  }
}