{
  "lang":"en",
  "name":"pipeline",
  "version":"0.0.0",
  "spacy_version":">=3.7.4,<3.8.0",
  "description":"",
  "author":"",
  "email":"",
  "url":"",
  "license":"",
  "spacy_git_version":"bff8725f4",
  "vectors":{
    "width":0,
    "vectors":0,
    "keys":0,
    "name":null,
    "mode":"default"
  },
  "labels":{
    "tok2vec":[

    ],
    "ner":[
      "B-DES",
      "B-EMAIL",
      "B-NAME",
      "B-ORG",
      "B-PHOE",
      "B-PHONE",
      "B-WEB",
      "DES",
      "EMAIL",
      "I-DE",
      "I-DES",
      "I-EMAIL",
      "I-NAME",
      "I-OR",
      "I-ORG",
      "I-PHONE",
      "I-WEB",
      "NAME",
      "ORG",
      "PHONE",
      "WEB"
    ]
  },
  "pipeline":[
    "tok2vec",
    "ner"
  ],
  "components":[
    "tok2vec",
    "ner"
  ],
  "disabled":[

  ],
  "performance":{
    "ents_f":0.6629422719,
    "ents_p":0.6819923372,
    "ents_r":0.6449275362,
    "ents_per_type":{
      "B-ORG":{
        "p":0.3928571429,
        "r":0.5238095238,
        "f":0.4489795918
      },
      "B-PHONE":{
        "p":0.7941176471,
        "r":0.7105263158,
        "f":0.75
      },
      "I-PHONE":{
        "p":0.6153846154,
        "r":0.7741935484,
        "f":0.6857142857
      },
      "B-EMAIL":{
        "p":0.8,
        "r":0.8,
        "f":0.8
      },
      "B-WEB":{
        "p":0.8235294118,
        "r":0.7368421053,
        "f":0.7777777778
      },
      "I-NAME":{
        "p":0.6875,
        "r":0.7333333333,
        "f":0.7096774194
      },
      "B-NAME":{
        "p":0.7142857143,
        "r":0.4166666667,
        "f":0.5263157895
      },
      "I-ORG":{
        "p":0.7551020408,
        "r":0.606557377,
        "f":0.6727272727
      },
      "B-DES":{
        "p":0.5555555556,
        "r":0.625,
        "f":0.5882352941
      },
      "I-DES":{
        "p":0.6923076923,
        "r":0.5625,
        "f":0.6206896552
      },
      "ORG":{
        "p":0.0,
        "r":0.0,
        "f":0.0
      },
      "EMAIL":{
        "p":0.0,
        "r":0.0,
        "f":0.0
      },
      "PHONE":{
        "p":0.0,
        "r":0.0,
        "f":0.0
      },
      "I-EMAIL":{
        "p":1.0,
        "r":1.0,
        "f":1.0
      }
    },
    "tok2vec_loss":628.4333511835,
    "ner_loss":887.8074543746
  }
}