{
  "lang":"en",
  "name":"pipeline",
  "version":"0.0.0",
  "spacy_version":">=3.7.4,<3.8.0",
  "description":"",
  "author":"",
  "email":"",
  "url":"",
  "license":"",
  "spacy_git_version":"bff8725f4",
  "vectors":{
    "width":0,
    "vectors":0,
    "keys":0,
    "name":null,
    "mode":"default"
  },
  "labels":{
    "tok2vec":[

    ],
    "ner":[
      "B-DES",
      "B-EMAIL",
      "B-NAME",
      "B-ORG",
      "B-PHOE",
      "B-PHONE",
      "B-WEB",
      "DES",
      "EMAIL",
      "I-DE",
      "I-DES",
      "I-EMAIL",
      "I-NAME",
      "I-OR",
      "I-ORG",
      "I-PHONE",
      "I-WEB",
      "NAME",
      "ORG",
      "PHONE",
      "WEB"
    ]
  },
  "pipeline":[
    "tok2vec",
    "ner"
  ],
  "components":[
    "tok2vec",
    "ner"
  ],
  "disabled":[

  ],
  "performance":{
    "ents_f":0.6303030303,
    "ents_p":0.7123287671,
    "ents_r":0.5652173913,
    "ents_per_type":{
      "B-PHONE":{
        "p":0.8275862069,
        "r":0.6315789474,
        "f":0.7164179104
      },
      "I-PHONE":{
        "p":0.7307692308,
        "r":0.6129032258,
        "f":0.6666666667
      },
      "B-ORG":{
        "p":0.4210526316,
        "r":0.380952381,
        "f":0.4
      },
      "B-EMAIL":{
        "p":0.7058823529,
        "r":0.8,
        "f":0.75
      },
      "B-WEB":{
        "p":0.8823529412,
        "r":0.7894736842,
        "f":0.8333333333
      },
      "B-NAME":{
        "p":0.8,
        "r":0.5,
        "f":0.6153846154
      },
      "I-NAME":{
        "p":0.7727272727,
        "r":0.5666666667,
        "f":0.6538461538
      },
      "I-ORG":{
        "p":0.7317073171,
        "r":0.4918032787,
        "f":0.5882352941
      },
      "I-DES":{
        "p":0.5714285714,
        "r":0.5,
        "f":0.5333333333
      },
      "B-DES":{
        "p":0.5625,
        "r":0.5625,
        "f":0.5625
      },
      "ORG":{
        "p":0.0,
        "r":0.0,
        "f":0.0
      },
      "EMAIL":{
        "p":0.0,
        "r":0.0,
        "f":0.0
      },
      "PHONE":{
        "p":0.0,
        "r":0.0,
        "f":0.0
      },
      "I-EMAIL":{
        "p":1.0,
        "r":1.0,
        "f":1.0
      }
    },
    "tok2vec_loss":627.841898703,
    "ner_loss":472.3312861373
  }
}