{
  "lang":"en",
  "name":"pipeline",
  "version":"0.0.0",
  "spacy_version":">=3.7.4,<3.8.0",
  "description":"",
  "author":"",
  "email":"",
  "url":"",
  "license":"",
  "spacy_git_version":"bff8725f4",
  "vectors":{
    "width":0,
    "vectors":0,
    "keys":0,
    "name":null,
    "mode":"default"
  },
  "labels":{
    "tok2vec":[

    ],
    "ner":[
      "B-DES",
      "B-EMAIL",
      "B-NAME",
      "B-ORG",
      "B-PHOE",
      "B-PHONE",
      "B-WEB",
      "DES",
      "EMAIL",
      "I-DE",
      "I-DES",
      "I-EMAIL",
      "I-NAME",
      "I-OR",
      "I-ORG",
      "I-PHONE",
      "I-WEB",
      "NAME",
      "ORG",
      "PHONE",
      "WEB"
    ]
  },
  "pipeline":[
    "tok2vec",
    "ner"
  ],
  "components":[
    "tok2vec",
    "ner"
  ],
  "disabled":[

  ],
  "performance":{
    "ents_f":0.6803738318,
    "ents_p":0.7878787879,
    "ents_r":0.5986842105,
    "ents_per_type":{
      "B-DES":{
        "p":0.6428571429,
        "r":0.3461538462,
        "f":0.45
      },
      "I-ORG":{
        "p":0.7708333333,
        "r":0.6607142857,
        "f":0.7115384615
      },
      "B-PHONE":{
        "p":0.756097561,
        "r":0.8378378378,
        "f":0.7948717949
      },
      "I-PHONE":{
        "p":0.8666666667,
        "r":0.5909090909,
        "f":0.7027027027
      },
      "B-NAME":{
        "p":0.9285714286,
        "r":0.5416666667,
        "f":0.6842105263
      },
      "I-EMAIL":{
        "p":1.0,
        "r":0.5,
        "f":0.6666666667
      },
      "B-ORG":{
        "p":0.5833333333,
        "r":0.2916666667,
        "f":0.3888888889
      },
      "B-EMAIL":{
        "p":0.8695652174,
        "r":0.9523809524,
        "f":0.9090909091
      },
      "I-DES":{
        "p":0.6428571429,
        "r":0.4090909091,
        "f":0.5
      },
      "I-NAME":{
        "p":0.8571428571,
        "r":0.5625,
        "f":0.679245283
      },
      "B-WEB":{
        "p":0.9,
        "r":0.9,
        "f":0.9
      },
      "I-WEB":{
        "p":0.0,
        "r":0.0,
        "f":0.0
      },
      "I-DE":{
        "p":0.0,
        "r":0.0,
        "f":0.0
      },
      "PHONE":{
        "p":0.0,
        "r":0.0,
        "f":0.0
      }
    },
    "tok2vec_loss":317.4742551135,
    "ner_loss":374.8353427283
  }
}